Name,Timezone,Day of Week,Available at,Available until
Christy Schumm,(GMT-06:00) America/North_Dakota/New_Salem,Monday, 9:00AM, 5:30PM
Christy Schumm,(GMT-06:00) America/North_Dakota/New_Salem,Tuesday, 8:00AM, 4:00PM
Christy Schumm,(GMT-06:00) America/North_Dakota/New_Salem,Thursday, 9:00AM, 4:00PM
Christy Schumm,(GMT-06:00) America/North_Dakota/New_Salem,Friday, 7:00AM, 2:00PM
Natalia Stanton Jr.,(GMT-06:00) Central Time (US & Canada),Tuesday, 8:00AM,10:00AM
Natalia Stanton Jr.,(GMT-06:00) Central Time (US & Canada),Wednesday,11:00AM, 6:00PM
Natalia Stanton Jr.,(GMT-06:00) Central Time (US & Canada),Saturday, 9:00AM, 3:00PM
Natalia Stanton Jr.,(GMT-06:00) Central Time (US & Canada),Sunday, 8:00AM, 3:00PM
Nola Murazik V,(GMT-09:00) America/Yakutat,Monday, 8:00AM,10:00AM
Nola Murazik V,(GMT-09:00) America/Yakutat,Tuesday,11:00AM, 1:00PM
Nola Murazik V,(GMT-09:00) America/Yakutat,Wednesday, 8:00AM,10:00AM
Nola Murazik V,(GMT-09:00) America/Yakutat,Saturday, 8:00AM,11:00AM
Nola Murazik V,(GMT-09:00) America/Yakutat,Sunday, 7:00AM, 9:00AM
Elyssa O'Kon,(GMT-06:00) Central Time (US & Canada),Monday, 9:00AM, 3:00PM
Elyssa O'Kon,(GMT-06:00) Central Time (US & Canada),Tuesday, 6:00AM, 1:00PM
Elyssa O'Kon,(GMT-06:00) Central Time (US & Canada),Wednesday, 6:00AM,11:00AM
Elyssa O'Kon,(GMT-06:00) Central Time (US & Canada),Friday, 8:00AM,12:00PM
Elyssa O'Kon,(GMT-06:00) Central Time (US & Canada),Saturday, 9:00AM, 4:00PM
Elyssa O'Kon,(GMT-06:00) Central Time (US & Canada),Sunday, 8:00AM,10:00AM
Dr. Geovany Keebler,(GMT-06:00) Central Time (US & Canada),Thursday, 7:00AM, 2:00PM
Dr. Geovany Keebler,(GMT-06:00) Central Time (US & Canada),Thursday, 3:00PM, 5:00PM
Jordan Pollich,(GMT-07:00) Arizona,Friday,1:00PM,8:00PM
Jordan Pollich,(GMT-07:00) Arizona,Thursday,2:00PM,8:30PM
Jordan Pollich,(GMT-07:00) Arizona,Saturday,1:30PM,7:30PM
Jordan Pollich,(GMT-07:00) Arizona,Wednesday,12:30PM,5:30PM
Jordan Pollich,(GMT-07:00) Arizona,Tuesday,3:00PM,5:00PM
Jordan Pollich,(GMT-07:00) Arizona,Sunday,3:00PM,8:00PM
Jordan Pollich,(GMT-07:00) Arizona,Monday,2:00PM,6:00PM
Saundra Zulauf,(GMT-03:00) Buenos Aires,Saturday,9:30AM,4:30PM
Saundra Zulauf,(GMT-03:00) Buenos Aires,Wednesday,7:30AM,2:30PM
Saundra Zulauf,(GMT-03:00) Buenos Aires,Tuesday,11:30AM,5:30PM
Saundra Zulauf,(GMT-03:00) Buenos Aires,Monday,10:30AM,2:00PM
Saundra Zulauf,(GMT-03:00) Buenos Aires,Thursday,9:00AM,3:00PM
Avery Quitzon,(GMT-11:00) American Samoa,Monday,6:00AM,6:30PM
Maximina Donnelly,(GMT+10:00) Guam,Monday,7:00AM,5:30PM
Maximina Donnelly,(GMT+10:00) Guam,Friday,6:30AM,8:00PM
Maximina Donnelly,(GMT+10:00) Guam,Thursday,6:00AM,5:00PM
Maximina Donnelly,(GMT+10:00) Guam,Tuesday,10:00AM,6:00PM
Maximina Donnelly,(GMT+10:00) Guam,Saturday,11:30AM,8:30PM
